Company,Website,scraped_text
Redrock Technology Group LLC,https://www.redrocktg.com,
Periscope Technologies Inc.,https://periscope-tech.com,
"Inventive Works, LLC",https://inventive.io/,
NVL Computers LLC,https://www.nvlcomputers.com,
Classic Software and Services LLC,http://www.classicsoftwareandservices.com/,
Intralearn Software Corporation,http://www.intralearn.com,
Brightpoint Infotech,http://www.brightpointinfotech.com,
Ziaflow LLC,https://ziaflow.com,
"Anybill Financial Services, Inc.",https://anybill.com,
Presidio,https://www.presidio.com/microsoft,
Tredence Inc.,https://www.tredence.com/,
Cloud Data Solutions LLC,https://www.clouddata.solutions,
